id;nom_thickness;nom_current;nom_3D;nom_data;DDC_target_A_dm2;j0_A_m2;alpha;E_eq_V;sigma_S_m;c_Ni2_M;time_s;efficiency;cell_height_mm;lc_mm;DDC_obtained_A_dm2;V_anode_V;j_min_A_m2;j_avg_A_m2;j_max_A_m2;thickness_min_um;thickness_avg_um;thickness_max_um;CV_percent;cathode_area_mm2;elapsed_time_s;status
001;001_ED_thickness_map.png;001_ED_current_density.png;001_ED_3D_iso.png;001_ED_data.npz;5,0000;0,3000;0,2500;-0,2600;10,0000;1,0000;30,0000;0,9800;4,0000;0,0600;5,0669;-0,4914;327,0814;506,6885;882,3101;0,3283;0,5086;0,8857;20,0122;13,5198;114,1531;OK
002;002_ED_thickness_map.png;002_ED_current_density.png;002_ED_3D_iso.png;002_ED_data.npz;5,0000;0,3000;0,2500;-0,2600;10,0000;1,0000;60,0000;0,9800;4,0000;0,0600;5,0669;-0,4914;327,0814;506,6885;882,3101;0,6566;1,0172;1,7713;20,0122;13,5198;114,1277;OK
003;003_ED_thickness_map.png;003_ED_current_density.png;003_ED_3D_iso.png;003_ED_data.npz;5,0000;0,3000;0,2500;-0,2600;10,0000;1,0000;90,0000;0,9800;4,0000;0,0600;5,0669;-0,4914;327,0814;506,6885;882,3101;0,9850;1,5258;2,6570;20,0122;13,5198;109,5190;OK
004;004_ED_thickness_map.png;004_ED_current_density.png;004_ED_3D_iso.png;004_ED_data.npz;5,0000;0,3000;0,2500;-0,2600;30,0000;1,0000;30,0000;0,9800;4,0000;0,0600;4,9681;-0,4641;405,2080;496,8097;611,4514;0,4067;0,4987;0,6138;8,5389;13,5198;88,2298;OK
005;005_ED_thickness_map.png;005_ED_current_density.png;005_ED_3D_iso.png;005_ED_data.npz;5,0000;0,3000;0,2500;-0,2600;30,0000;1,0000;60,0000;0,9800;4,0000;0,0600;4,9681;-0,4641;405,2080;496,8097;611,4514;0,8135;0,9974;1,2275;8,5389;13,5198;89,3707;OK
006;006_ED_thickness_map.png;006_ED_current_density.png;006_ED_3D_iso.png;006_ED_data.npz;5,0000;0,3000;0,2500;-0,2600;30,0000;1,0000;90,0000;0,9800;4,0000;0,0600;4,9681;-0,4641;405,2080;496,8097;611,4514;1,2202;1,4961;1,8413;8,5389;13,5198;106,2785;OK
007;007_ED_thickness_map.png;007_ED_current_density.png;007_ED_3D_iso.png;007_ED_data.npz;5,0000;0,3000;0,2500;-0,2600;50,0000;1,0000;30,0000;0,9800;4,0000;0,0600;5,0409;-0,4592;439,6022;504,0915;574,7829;0,4413;0,5060;0,5770;5,6726;13,5198;105,9370;OK
008;008_ED_thickness_map.png;008_ED_current_density.png;008_ED_3D_iso.png;008_ED_data.npz;5,0000;0,3000;0,2500;-0,2600;50,0000;1,0000;60,0000;0,9800;4,0000;0,0600;5,0409;-0,4592;439,6022;504,0915;574,7829;0,8825;1,0120;1,1539;5,6726;13,5198;112,1407;OK
009;009_ED_thickness_map.png;009_ED_current_density.png;009_ED_3D_iso.png;009_ED_data.npz;5,0000;0,3000;0,2500;-0,2600;50,0000;1,0000;90,0000;0,9800;4,0000;0,0600;5,0409;-0,4592;439,6022;504,0915;574,7829;1,3238;1,5180;1,7309;5,6726;13,5198;107,4145;OK
010;010_ED_thickness_map.png;010_ED_current_density.png;010_ED_3D_iso.png;010_ED_data.npz;5,0000;0,7000;0,2500;-0,2600;10,0000;1,0000;30,0000;0,9800;4,0000;0,0600;4,9381;-0,4680;321,0268;493,8061;849,5331;0,3222;0,4957;0,8528;19,6208;13,5198;105,9531;OK
011;011_ED_thickness_map.png;011_ED_current_density.png;011_ED_3D_iso.png;011_ED_data.npz;5,0000;0,7000;0,2500;-0,2600;10,0000;1,0000;60,0000;0,9800;4,0000;0,0600;4,9381;-0,4680;321,0268;493,8061;849,5331;0,6445;0,9914;1,7055;19,6208;13,5198;103,0204;OK
012;012_ED_thickness_map.png;012_ED_current_density.png;012_ED_3D_iso.png;012_ED_data.npz;5,0000;0,7000;0,2500;-0,2600;10,0000;1,0000;90,0000;0,9800;4,0000;0,0600;4,9381;-0,4680;321,0268;493,8061;849,5331;0,9667;1,4870;2,5583;19,6208;13,5198;102,8482;OK
013;013_ED_thickness_map.png;013_ED_current_density.png;013_ED_3D_iso.png;013_ED_data.npz;5,0000;0,7000;0,2500;-0,2600;30,0000;1,0000;30,0000;0,9800;4,0000;0,0600;5,0032;-0,4426;407,4760;500,3235;616,6974;0,4090;0,5022;0,6190;8,5982;13,5198;99,1054;OK
014;014_ED_thickness_map.png;014_ED_current_density.png;014_ED_3D_iso.png;014_ED_data.npz;5,0000;0,7000;0,2500;-0,2600;30,0000;1,0000;60,0000;0,9800;4,0000;0,0600;5,0032;-0,4426;407,4760;500,3235;616,6974;0,8180;1,0044;1,2381;8,5982;13,5198;100,1951;OK
015;015_ED_thickness_map.png;015_ED_current_density.png;015_ED_3D_iso.png;015_ED_data.npz;5,0000;0,7000;0,2500;-0,2600;30,0000;1,0000;90,0000;0,9800;4,0000;0,0600;5,0032;-0,4426;407,4760;500,3235;616,6974;1,2271;1,5067;1,8571;8,5982;13,5198;99,2866;OK
016;016_ED_thickness_map.png;016_ED_current_density.png;016_ED_3D_iso.png;016_ED_data.npz;5,0000;0,7000;0,2500;-0,2600;50,0000;1,0000;30,0000;0,9800;4,0000;0,0600;4,9386;-0,4367;431,6808;493,8646;561,7224;0,4333;0,4957;0,5638;5,5751;13,5198;95,5251;OK
017;017_ED_thickness_map.png;017_ED_current_density.png;017_ED_3D_iso.png;017_ED_data.npz;5,0000;0,7000;0,2500;-0,2600;50,0000;1,0000;60,0000;0,9800;4,0000;0,0600;4,9386;-0,4367;431,6808;493,8646;561,7224;0,8666;0,9915;1,1277;5,5751;13,5198;92,9169;OK
018;018_ED_thickness_map.png;018_ED_current_density.png;018_ED_3D_iso.png;018_ED_data.npz;5,0000;0,7000;0,2500;-0,2600;50,0000;1,0000;90,0000;0,9800;4,0000;0,0600;4,9386;-0,4367;431,6808;493,8646;561,7224;1,2999;1,4872;1,6915;5,5751;13,5198;94,1772;OK
019;019_ED_thickness_map.png;019_ED_current_density.png;019_ED_3D_iso.png;019_ED_data.npz;5,0000;1,1000;0,2500;-0,2600;10,0000;1,0000;30,0000;0,9800;4,0000;0,0600;4,9285;-0,4563;320,4116;492,8478;847,3665;0,3216;0,4947;0,8506;19,6071;13,5198;85,8728;OK
020;020_ED_thickness_map.png;020_ED_current_density.png;020_ED_3D_iso.png;020_ED_data.npz;5,0000;1,1000;0,2500;-0,2600;10,0000;1,0000;60,0000;0,9800;4,0000;0,0600;4,9285;-0,4563;320,4116;492,8478;847,3665;0,6432;0,9894;1,7012;19,6071;13,5198;83,0708;OK
021;021_ED_thickness_map.png;021_ED_current_density.png;021_ED_3D_iso.png;021_ED_data.npz;5,0000;1,1000;0,2500;-0,2600;10,0000;1,0000;90,0000;0,9800;4,0000;0,0600;4,9285;-0,4563;320,4116;492,8478;847,3665;0,9649;1,4841;2,5517;19,6071;13,5198;84,6225;OK
022;022_ED_thickness_map.png;022_ED_current_density.png;022_ED_3D_iso.png;022_ED_data.npz;5,0000;1,1000;0,2500;-0,2600;30,0000;1,0000;30,0000;0,9800;4,0000;0,0600;4,9890;-0,4309;406,4283;498,8997;614,6591;0,4080;0,5008;0,6170;8,5840;13,5198;101,7424;OK
023;023_ED_thickness_map.png;023_ED_current_density.png;023_ED_3D_iso.png;023_ED_data.npz;5,0000;1,1000;0,2500;-0,2600;30,0000;1,0000;60,0000;0,9800;4,0000;0,0600;4,9890;-0,4309;406,4283;498,8997;614,6591;0,8159;1,0016;1,2340;8,5840;13,5198;101,6818;OK
024;024_ED_thickness_map.png;024_ED_current_density.png;024_ED_3D_iso.png;024_ED_data.npz;5,0000;1,1000;0,2500;-0,2600;30,0000;1,0000;90,0000;0,9800;4,0000;0,0600;4,9890;-0,4309;406,4283;498,8997;614,6591;1,2239;1,5024;1,8510;8,5840;13,5198;102,0391;OK
025;025_ED_thickness_map.png;025_ED_current_density.png;025_ED_3D_iso.png;025_ED_data.npz;5,0000;1,1000;0,2500;-0,2600;50,0000;1,0000;30,0000;0,9800;4,0000;0,0600;4,9229;-0,4250;430,4490;492,2853;559,7162;0,4321;0,4941;0,5618;5,5605;13,5198;69,0480;OK
026;026_ED_thickness_map.png;026_ED_current_density.png;026_ED_3D_iso.png;026_ED_data.npz;5,0000;1,1000;0,2500;-0,2600;50,0000;1,0000;60,0000;0,9800;4,0000;0,0600;4,9229;-0,4250;430,4490;492,2853;559,7162;0,8642;0,9883;1,1237;5,5605;13,5198;68,2317;OK
027;027_ED_thickness_map.png;027_ED_current_density.png;027_ED_3D_iso.png;027_ED_data.npz;5,0000;1,1000;0,2500;-0,2600;50,0000;1,0000;90,0000;0,9800;4,0000;0,0600;4,9229;-0,4250;430,4490;492,2853;559,7162;1,2962;1,4824;1,6855;5,5605;13,5198;68,2686;OK
028;028_ED_thickness_map.png;028_ED_current_density.png;028_ED_3D_iso.png;028_ED_data.npz;5,0000;0,3000;0,5000;-0,2600;10,0000;1,0000;30,0000;0,9800;4,0000;0,0600;5,0669;-0,4914;327,0851;506,6912;882,3111;0,3283;0,5086;0,8857;20,0120;13,5198;108,0313;OK
029;029_ED_thickness_map.png;029_ED_current_density.png;029_ED_3D_iso.png;029_ED_data.npz;5,0000;0,3000;0,5000;-0,2600;10,0000;1,0000;60,0000;0,9800;4,0000;0,0600;5,0669;-0,4914;327,0851;506,6912;882,3111;0,6566;1,0172;1,7713;20,0120;13,5198;107,1668;OK
030;030_ED_thickness_map.png;030_ED_current_density.png;030_ED_3D_iso.png;030_ED_data.npz;5,0000;0,3000;0,5000;-0,2600;10,0000;1,0000;90,0000;0,9800;4,0000;0,0600;5,0669;-0,4914;327,0851;506,6912;882,3111;0,9850;1,5258;2,6570;20,0120;13,5198;105,9865;OK
031;031_ED_thickness_map.png;031_ED_current_density.png;031_ED_3D_iso.png;031_ED_data.npz;5,0000;0,3000;0,5000;-0,2600;30,0000;1,0000;30,0000;0,9800;4,0000;0,0600;4,9681;-0,4641;405,2129;496,8144;611,4561;0,4067;0,4987;0,6138;8,5388;13,5198;88,3399;OK
032;032_ED_thickness_map.png;032_ED_current_density.png;032_ED_3D_iso.png;032_ED_data.npz;5,0000;0,3000;0,5000;-0,2600;30,0000;1,0000;60,0000;0,9800;4,0000;0,0600;4,9681;-0,4641;405,2129;496,8144;611,4561;0,8135;0,9974;1,2275;8,5388;13,5198;86,9568;OK
033;033_ED_thickness_map.png;033_ED_current_density.png;033_ED_3D_iso.png;033_ED_data.npz;5,0000;0,3000;0,5000;-0,2600;30,0000;1,0000;90,0000;0,9800;4,0000;0,0600;4,9681;-0,4641;405,2129;496,8144;611,4561;1,2202;1,4961;1,8413;8,5388;13,5198;87,0145;OK
034;034_ED_thickness_map.png;034_ED_current_density.png;034_ED_3D_iso.png;034_ED_data.npz;5,0000;0,3000;0,5000;-0,2600;50,0000;1,0000;30,0000;0,9800;4,0000;0,0600;5,0410;-0,4592;439,6075;504,0969;574,7885;0,4413;0,5060;0,5770;5,6726;13,5198;99,2510;OK
035;035_ED_thickness_map.png;035_ED_current_density.png;035_ED_3D_iso.png;035_ED_data.npz;5,0000;0,3000;0,5000;-0,2600;50,0000;1,0000;60,0000;0,9800;4,0000;0,0600;5,0410;-0,4592;439,6075;504,0969;574,7885;0,8825;1,0120;1,1539;5,6726;13,5198;99,7001;OK
036;036_ED_thickness_map.png;036_ED_current_density.png;036_ED_3D_iso.png;036_ED_data.npz;5,0000;0,3000;0,5000;-0,2600;50,0000;1,0000;90,0000;0,9800;4,0000;0,0600;5,0410;-0,4592;439,6075;504,0969;574,7885;1,3238;1,5180;1,7309;5,6726;13,5198;98,9812;OK
037;037_ED_thickness_map.png;037_ED_current_density.png;037_ED_3D_iso.png;037_ED_data.npz;5,0000;0,7000;0,5000;-0,2600;10,0000;1,0000;30,0000;0,9800;4,0000;0,0600;4,9382;-0,4680;321,0403;493,8161;849,5374;0,3223;0,4957;0,8528;19,6200;13,5198;104,7007;OK
038;038_ED_thickness_map.png;038_ED_current_density.png;038_ED_3D_iso.png;038_ED_data.npz;5,0000;0,7000;0,5000;-0,2600;10,0000;1,0000;60,0000;0,9800;4,0000;0,0600;4,9382;-0,4680;321,0403;493,8161;849,5374;0,6445;0,9914;1,7055;19,6200;13,5198;103,2716;OK
039;039_ED_thickness_map.png;039_ED_current_density.png;039_ED_3D_iso.png;039_ED_data.npz;5,0000;0,7000;0,5000;-0,2600;10,0000;1,0000;90,0000;0,9800;4,0000;0,0600;4,9382;-0,4680;321,0403;493,8161;849,5374;0,9668;1,4871;2,5583;19,6200;13,5198;104,5256;OK
040;040_ED_thickness_map.png;040_ED_current_density.png;040_ED_3D_iso.png;040_ED_data.npz;5,0000;0,7000;0,5000;-0,2600;30,0000;1,0000;30,0000;0,9800;4,0000;0,0600;5,0034;-0,4426;407,4928;500,3400;616,7138;0,4090;0,5022;0,6190;8,5979;13,5198;99,6339;OK
041;041_ED_thickness_map.png;041_ED_current_density.png;041_ED_3D_iso.png;041_ED_data.npz;5,0000;0,7000;0,5000;-0,2600;30,0000;1,0000;60,0000;0,9800;4,0000;0,0600;5,0034;-0,4426;407,4928;500,3400;616,7138;0,8181;1,0045;1,2381;8,5979;13,5198;99,9371;OK
042;042_ED_thickness_map.png;042_ED_current_density.png;042_ED_3D_iso.png;042_ED_data.npz;5,0000;0,7000;0,5000;-0,2600;30,0000;1,0000;90,0000;0,9800;4,0000;0,0600;5,0034;-0,4426;407,4928;500,3400;616,7138;1,2271;1,5067;1,8571;8,5979;13,5198;100,0667;OK
043;043_ED_thickness_map.png;043_ED_current_density.png;043_ED_3D_iso.png;043_ED_data.npz;5,0000;0,7000;0,5000;-0,2600;50,0000;1,0000;30,0000;0,9800;4,0000;0,0600;4,9388;-0,4367;431,6997;493,8838;561,7422;0,4333;0,4958;0,5639;5,5749;13,5198;102,1461;OK
044;044_ED_thickness_map.png;044_ED_current_density.png;044_ED_3D_iso.png;044_ED_data.npz;5,0000;0,7000;0,5000;-0,2600;50,0000;1,0000;60,0000;0,9800;4,0000;0,0600;4,9388;-0,4367;431,6997;493,8838;561,7422;0,8667;0,9915;1,1277;5,5749;13,5198;103,0952;OK
045;045_ED_thickness_map.png;045_ED_current_density.png;045_ED_3D_iso.png;045_ED_data.npz;5,0000;0,7000;0,5000;-0,2600;50,0000;1,0000;90,0000;0,9800;4,0000;0,0600;4,9388;-0,4367;431,6997;493,8838;561,7422;1,3000;1,4873;1,6916;5,5749;13,5198;107,5743;OK
046;046_ED_thickness_map.png;046_ED_current_density.png;046_ED_3D_iso.png;046_ED_data.npz;5,0000;1,1000;0,5000;-0,2600;10,0000;1,0000;30,0000;0,9800;4,0000;0,0600;4,9287;-0,4563;320,4373;492,8671;847,3748;0,3217;0,4947;0,8506;19,6056;13,5198;96,1099;OK
047;047_ED_thickness_map.png;047_ED_current_density.png;047_ED_3D_iso.png;047_ED_data.npz;5,0000;1,1000;0,5000;-0,2600;10,0000;1,0000;60,0000;0,9800;4,0000;0,0600;4,9287;-0,4563;320,4373;492,8671;847,3748;0,6433;0,9895;1,7012;19,6056;13,5198;94,1575;OK
048;048_ED_thickness_map.png;048_ED_current_density.png;048_ED_3D_iso.png;048_ED_data.npz;5,0000;1,1000;0,5000;-0,2600;10,0000;1,0000;90,0000;0,9800;4,0000;0,0600;4,9287;-0,4563;320,4373;492,8671;847,3748;0,9650;1,4842;2,5518;19,6056;13,5198;93,0571;OK
049;049_ED_thickness_map.png;049_ED_current_density.png;049_ED_3D_iso.png;049_ED_data.npz;5,0000;1,1000;0,5000;-0,2600;30,0000;1,0000;30,0000;0,9800;4,0000;0,0600;4,9893;-0,4309;406,4611;498,9318;614,6913;0,4080;0,5008;0,6170;8,5835;13,5198;109,7899;OK
050;050_ED_thickness_map.png;050_ED_current_density.png;050_ED_3D_iso.png;050_ED_data.npz;5,0000;1,1000;0,5000;-0,2600;30,0000;1,0000;60,0000;0,9800;4,0000;0,0600;4,9893;-0,4309;406,4611;498,9318;614,6913;0,8160;1,0016;1,2340;8,5835;13,5198;108,9041;OK
051;051_ED_thickness_map.png;051_ED_current_density.png;051_ED_3D_iso.png;051_ED_data.npz;5,0000;1,1000;0,5000;-0,2600;30,0000;1,0000;90,0000;0,9800;4,0000;0,0600;4,9893;-0,4309;406,4611;498,9318;614,6913;1,2240;1,5025;1,8511;8,5835;13,5198;110,7345;OK
052;052_ED_thickness_map.png;052_ED_current_density.png;052_ED_3D_iso.png;052_ED_data.npz;5,0000;1,1000;0,5000;-0,2600;50,0000;1,0000;30,0000;0,9800;4,0000;0,0600;4,9232;-0,4250;430,4860;492,3229;559,7548;0,4321;0,4942;0,5619;5,5601;13,5198;75,5885;OK
053;053_ED_thickness_map.png;053_ED_current_density.png;053_ED_3D_iso.png;053_ED_data.npz;5,0000;1,1000;0,5000;-0,2600;50,0000;1,0000;60,0000;0,9800;4,0000;0,0600;4,9232;-0,4250;430,4860;492,3229;559,7548;0,8642;0,9884;1,1237;5,5601;13,5198;73,9912;OK
054;054_ED_thickness_map.png;054_ED_current_density.png;054_ED_3D_iso.png;054_ED_data.npz;5,0000;1,1000;0,5000;-0,2600;50,0000;1,0000;90,0000;0,9800;4,0000;0,0600;4,9232;-0,4250;430,4860;492,3229;559,7548;1,2963;1,4826;1,6856;5,5601;13,5198;74,9175;OK
055;055_ED_thickness_map.png;055_ED_current_density.png;055_ED_3D_iso.png;055_ED_data.npz;5,0000;0,3000;0,7500;-0,2600;10,0000;1,0000;30,0000;0,9800;4,0000;0,0600;5,0669;-0,4914;327,0852;506,6913;882,3111;0,3283;0,5086;0,8857;20,0120;13,5198;116,8182;OK
056;056_ED_thickness_map.png;056_ED_current_density.png;056_ED_3D_iso.png;056_ED_data.npz;5,0000;0,3000;0,7500;-0,2600;10,0000;1,0000;60,0000;0,9800;4,0000;0,0600;5,0669;-0,4914;327,0852;506,6913;882,3111;0,6566;1,0172;1,7713;20,0120;13,5198;114,3218;OK
057;057_ED_thickness_map.png;057_ED_current_density.png;057_ED_3D_iso.png;057_ED_data.npz;5,0000;0,3000;0,7500;-0,2600;10,0000;1,0000;90,0000;0,9800;4,0000;0,0600;5,0669;-0,4914;327,0852;506,6913;882,3111;0,9850;1,5258;2,6570;20,0120;13,5198;115,4977;OK
058;058_ED_thickness_map.png;058_ED_current_density.png;058_ED_3D_iso.png;058_ED_data.npz;5,0000;0,3000;0,7500;-0,2600;30,0000;1,0000;30,0000;0,9800;4,0000;0,0600;4,9681;-0,4641;405,2131;496,8145;611,4562;0,4067;0,4987;0,6138;8,5388;13,5198;93,8128;OK
059;059_ED_thickness_map.png;059_ED_current_density.png;059_ED_3D_iso.png;059_ED_data.npz;5,0000;0,3000;0,7500;-0,2600;30,0000;1,0000;60,0000;0,9800;4,0000;0,0600;4,9681;-0,4641;405,2131;496,8145;611,4562;0,8135;0,9974;1,2275;8,5388;13,5198;94,6391;OK
060;060_ED_thickness_map.png;060_ED_current_density.png;060_ED_3D_iso.png;060_ED_data.npz;5,0000;0,3000;0,7500;-0,2600;30,0000;1,0000;90,0000;0,9800;4,0000;0,0600;4,9681;-0,4641;405,2131;496,8145;611,4562;1,2202;1,4961;1,8413;8,5388;13,5198;94,1618;OK
061;061_ED_thickness_map.png;061_ED_current_density.png;061_ED_3D_iso.png;061_ED_data.npz;5,0000;0,3000;0,7500;-0,2600;50,0000;1,0000;30,0000;0,9800;4,0000;0,0600;5,0410;-0,4592;439,6076;504,0970;574,7886;0,4413;0,5060;0,5770;5,6726;13,5198;107,6783;OK
062;062_ED_thickness_map.png;062_ED_current_density.png;062_ED_3D_iso.png;062_ED_data.npz;5,0000;0,3000;0,7500;-0,2600;50,0000;1,0000;60,0000;0,9800;4,0000;0,0600;5,0410;-0,4592;439,6076;504,0970;574,7886;0,8825;1,0120;1,1539;5,6726;13,5198;106,1023;OK
063;063_ED_thickness_map.png;063_ED_current_density.png;063_ED_3D_iso.png;063_ED_data.npz;5,0000;0,3000;0,7500;-0,2600;50,0000;1,0000;90,0000;0,9800;4,0000;0,0600;5,0410;-0,4592;439,6076;504,0970;574,7886;1,3238;1,5180;1,7309;5,6726;13,5198;106,6605;OK
064;064_ED_thickness_map.png;064_ED_current_density.png;064_ED_3D_iso.png;064_ED_data.npz;5,0000;0,7000;0,7500;-0,2600;10,0000;1,0000;30,0000;0,9800;4,0000;0,0600;4,9382;-0,4680;321,0411;493,8166;849,5375;0,3223;0,4957;0,8528;19,6200;13,5198;114,3823;OK
065;065_ED_thickness_map.png;065_ED_current_density.png;065_ED_3D_iso.png;065_ED_data.npz;5,0000;0,7000;0,7500;-0,2600;10,0000;1,0000;60,0000;0,9800;4,0000;0,0600;4,9382;-0,4680;321,0411;493,8166;849,5375;0,6445;0,9914;1,7055;19,6200;13,5198;112,4023;OK
066;066_ED_thickness_map.png;066_ED_current_density.png;066_ED_3D_iso.png;066_ED_data.npz;5,0000;0,7000;0,7500;-0,2600;10,0000;1,0000;90,0000;0,9800;4,0000;0,0600;4,9382;-0,4680;321,0411;493,8166;849,5375;0,9668;1,4871;2,5583;19,6200;13,5198;112,4257;OK
067;067_ED_thickness_map.png;067_ED_current_density.png;067_ED_3D_iso.png;067_ED_data.npz;5,0000;0,7000;0,7500;-0,2600;30,0000;1,0000;30,0000;0,9800;4,0000;0,0600;5,0034;-0,4426;407,4936;500,3406;616,7143;0,4090;0,5022;0,6190;8,5979;13,5198;104,7036;OK
068;068_ED_thickness_map.png;068_ED_current_density.png;068_ED_3D_iso.png;068_ED_data.npz;5,0000;0,7000;0,7500;-0,2600;30,0000;1,0000;60,0000;0,9800;4,0000;0,0600;5,0034;-0,4426;407,4936;500,3406;616,7143;0,8181;1,0045;1,2381;8,5979;13,5198;100,4088;OK
069;069_ED_thickness_map.png;069_ED_current_density.png;069_ED_3D_iso.png;069_ED_data.npz;5,0000;0,7000;0,7500;-0,2600;30,0000;1,0000;90,0000;0,9800;4,0000;0,0600;5,0034;-0,4426;407,4936;500,3406;616,7143;1,2271;1,5067;1,8571;8,5979;13,5198;99,3814;OK
070;070_ED_thickness_map.png;070_ED_current_density.png;070_ED_3D_iso.png;070_ED_data.npz;5,0000;0,7000;0,7500;-0,2600;50,0000;1,0000;30,0000;0,9800;4,0000;0,0600;4,9388;-0,4367;431,7005;493,8845;561,7429;0,4333;0,4958;0,5639;5,5749;13,5198;95,6569;OK
071;071_ED_thickness_map.png;071_ED_current_density.png;071_ED_3D_iso.png;071_ED_data.npz;5,0000;0,7000;0,7500;-0,2600;50,0000;1,0000;60,0000;0,9800;4,0000;0,0600;4,9388;-0,4367;431,7005;493,8845;561,7429;0,8667;0,9915;1,1277;5,5749;13,5198;96,5532;OK
072;072_ED_thickness_map.png;072_ED_current_density.png;072_ED_3D_iso.png;072_ED_data.npz;5,0000;0,7000;0,7500;-0,2600;50,0000;1,0000;90,0000;0,9800;4,0000;0,0600;4,9388;-0,4367;431,7005;493,8845;561,7429;1,3000;1,4873;1,6916;5,5749;13,5198;97,3804;OK
073;073_ED_thickness_map.png;073_ED_current_density.png;073_ED_3D_iso.png;073_ED_data.npz;5,0000;1,1000;0,7500;-0,2600;10,0000;1,0000;30,0000;0,9800;4,0000;0,0600;4,9287;-0,4563;320,4389;492,8680;847,3749;0,3217;0,4947;0,8506;19,6055;13,5198;88,1710;OK
074;074_ED_thickness_map.png;074_ED_current_density.png;074_ED_3D_iso.png;074_ED_data.npz;5,0000;1,1000;0,7500;-0,2600;10,0000;1,0000;60,0000;0,9800;4,0000;0,0600;4,9287;-0,4563;320,4389;492,8680;847,3749;0,6433;0,9895;1,7012;19,6055;13,5198;88,2781;OK
075;075_ED_thickness_map.png;075_ED_current_density.png;075_ED_3D_iso.png;075_ED_data.npz;5,0000;1,1000;0,7500;-0,2600;10,0000;1,0000;90,0000;0,9800;4,0000;0,0600;4,9287;-0,4563;320,4389;492,8680;847,3749;0,9650;1,4842;2,5518;19,6055;13,5198;142,2563;OK
076;076_ED_thickness_map.png;076_ED_current_density.png;076_ED_3D_iso.png;076_ED_data.npz;5,0000;1,1000;0,7500;-0,2600;30,0000;1,0000;30,0000;0,9800;4,0000;0,0600;4,9893;-0,4309;406,4629;498,9334;614,6926;0,4080;0,5008;0,6170;8,5834;13,5198;170,4524;OK
077;077_ED_thickness_map.png;077_ED_current_density.png;077_ED_3D_iso.png;077_ED_data.npz;5,0000;1,1000;0,7500;-0,2600;30,0000;1,0000;60,0000;0,9800;4,0000;0,0600;4,9893;-0,4309;406,4629;498,9334;614,6926;0,8160;1,0016;1,2340;8,5834;13,5198;160,8754;OK
078;078_ED_thickness_map.png;078_ED_current_density.png;078_ED_3D_iso.png;078_ED_data.npz;5,0000;1,1000;0,7500;-0,2600;30,0000;1,0000;90,0000;0,9800;4,0000;0,0600;4,9893;-0,4309;406,4629;498,9334;614,6926;1,2240;1,5025;1,8511;8,5834;13,5198;162,5663;OK
079;079_ED_thickness_map.png;079_ED_current_density.png;079_ED_3D_iso.png;079_ED_data.npz;5,0000;1,1000;0,7500;-0,2600;50,0000;1,0000;30,0000;0,9800;4,0000;0,0600;4,9232;-0,4250;430,4879;492,3247;559,7565;0,4321;0,4942;0,5619;5,5601;13,5198;111,1904;OK
080;080_ED_thickness_map.png;080_ED_current_density.png;080_ED_3D_iso.png;080_ED_data.npz;5,0000;1,1000;0,7500;-0,2600;50,0000;1,0000;60,0000;0,9800;4,0000;0,0600;4,9232;-0,4250;430,4879;492,3247;559,7565;0,8642;0,9884;1,1238;5,5601;13,5198;111,7905;OK
081;081_ED_thickness_map.png;081_ED_current_density.png;081_ED_3D_iso.png;081_ED_data.npz;5,0000;1,1000;0,7500;-0,2600;50,0000;1,0000;90,0000;0,9800;4,0000;0,0600;4,9232;-0,4250;430,4879;492,3247;559,7565;1,2964;1,4826;1,6856;5,5601;13,5198;109,3594;OK
082;082_ED_thickness_map.png;082_ED_current_density.png;082_ED_3D_iso.png;082_ED_data.npz;10,0000;0,3000;0,2500;-0,2600;10,0000;1,0000;30,0000;0,9800;4,0000;0,0600;10,0656;-0,5461;537,0852;1006,5558;2629,1892;0,5391;1,0104;2,6391;33,5012;13,5198;176,9930;OK
083;083_ED_thickness_map.png;083_ED_current_density.png;083_ED_3D_iso.png;083_ED_data.npz;10,0000;0,3000;0,2500;-0,2600;10,0000;1,0000;60,0000;0,9800;4,0000;0,0600;10,0656;-0,5461;537,0852;1006,5558;2629,1892;1,0782;2,0207;5,2783;33,5012;13,5198;328,5330;OK
084;084_ED_thickness_map.png;084_ED_current_density.png;084_ED_3D_iso.png;084_ED_data.npz;10,0000;0,3000;0,2500;-0,2600;10,0000;1,0000;90,0000;0,9800;4,0000;0,0600;10,0656;-0,5461;537,0852;1006,5558;2629,1892;1,6174;3,0311;7,9174;33,5012;13,5198;115,6736;OK
085;085_ED_thickness_map.png;085_ED_current_density.png;085_ED_3D_iso.png;085_ED_data.npz;10,0000;0,3000;0,2500;-0,2600;30,0000;1,0000;30,0000;0,9800;4,0000;0,0600;9,9822;-0,4953;712,7677;998,2153;1470,5558;0,7155;1,0020;1,4761;14,6580;13,5198;99,2959;OK
086;086_ED_thickness_map.png;086_ED_current_density.png;086_ED_3D_iso.png;086_ED_data.npz;10,0000;0,3000;0,2500;-0,2600;30,0000;1,0000;60,0000;0,9800;4,0000;0,0600;9,9822;-0,4953;712,7677;998,2153;1470,5558;1,4309;2,0040;2,9522;14,6580;13,5198;99,4422;OK
087;087_ED_thickness_map.png;087_ED_current_density.png;087_ED_3D_iso.png;087_ED_data.npz;10,0000;0,3000;0,2500;-0,2600;30,0000;1,0000;90,0000;0,9800;4,0000;0,0600;9,9822;-0,4953;712,7677;998,2153;1470,5558;2,1464;3,0060;4,4284;14,6580;13,5198;99,2794;OK
088;088_ED_thickness_map.png;088_ED_current_density.png;088_ED_3D_iso.png;088_ED_data.npz;10,0000;0,3000;0,2500;-0,2600;50,0000;1,0000;30,0000;0,9800;4,0000;0,0600;10,1910;-0,4855;804,4736;1019,1005;1308,2778;0,8075;1,0230;1,3132;10,0070;13,5198;98,3889;OK
089;089_ED_thickness_map.png;089_ED_current_density.png;089_ED_3D_iso.png;089_ED_data.npz;10,0000;0,3000;0,2500;-0,2600;50,0000;1,0000;60,0000;0,9800;4,0000;0,0600;10,1910;-0,4855;804,4736;1019,1005;1308,2778;1,6150;2,0459;2,6265;10,0070;13,5198;98,3541;OK
090;090_ED_thickness_map.png;090_ED_current_density.png;090_ED_3D_iso.png;090_ED_data.npz;10,0000;0,3000;0,2500;-0,2600;50,0000;1,0000;90,0000;0,9800;4,0000;0,0600;10,1910;-0,4855;804,4736;1019,1005;1308,2778;2,4226;3,0689;3,9397;10,0070;13,5198;99,1894;OK
091;091_ED_thickness_map.png;091_ED_current_density.png;091_ED_3D_iso.png;091_ED_data.npz;10,0000;0,7000;0,2500;-0,2600;10,0000;1,0000;30,0000;0,9800;4,0000;0,0600;9,8921;-0,5227;530,1503;989,2134;2552,2947;0,5322;0,9930;2,5620;33,0717;13,5198;123,6547;OK
092;092_ED_thickness_map.png;092_ED_current_density.png;092_ED_3D_iso.png;092_ED_data.npz;10,0000;0,7000;0,2500;-0,2600;10,0000;1,0000;60,0000;0,9800;4,0000;0,0600;9,8921;-0,5227;530,1503;989,2134;2552,2947;1,0643;1,9859;5,1239;33,0717;13,5198;125,1587;OK
093;093_ED_thickness_map.png;093_ED_current_density.png;093_ED_3D_iso.png;093_ED_data.npz;10,0000;0,7000;0,2500;-0,2600;10,0000;1,0000;90,0000;0,9800;4,0000;0,0600;9,8921;-0,5227;530,1503;989,2134;2552,2947;1,5965;2,9789;7,6859;33,0717;13,5198;124,6750;OK
094;094_ED_thickness_map.png;094_ED_current_density.png;094_ED_3D_iso.png;094_ED_data.npz;10,0000;0,7000;0,2500;-0,2600;30,0000;1,0000;30,0000;0,9800;4,0000;0,0600;10,0362;-0,4738;715,6484;1003,6199;1481,3087;0,7184;1,0074;1,4869;14,7216;13,5198;111,6008;OK
095;095_ED_thickness_map.png;095_ED_current_density.png;095_ED_3D_iso.png;095_ED_data.npz;10,0000;0,7000;0,2500;-0,2600;30,0000;1,0000;60,0000;0,9800;4,0000;0,0600;10,0362;-0,4738;715,6484;1003,6199;1481,3087;1,4367;2,0148;2,9738;14,7216;13,5198;112,0054;OK
096;096_ED_thickness_map.png;096_ED_current_density.png;096_ED_3D_iso.png;096_ED_data.npz;10,0000;0,7000;0,2500;-0,2600;30,0000;1,0000;90,0000;0,9800;4,0000;0,0600;10,0362;-0,4738;715,6484;1003,6199;1481,3087;2,1551;3,0223;4,4608;14,7216;13,5198;110,9998;OK
097;097_ED_thickness_map.png;097_ED_current_density.png;097_ED_3D_iso.png;097_ED_data.npz;10,0000;0,7000;0,2500;-0,2600;50,0000;1,0000;30,0000;0,9800;4,0000;0,0600;10,0175;-0,4631;792,2594;1001,7515;1281,7098;0,7953;1,0055;1,2866;9,9068;13,5198;110,9758;OK
098;098_ED_thickness_map.png;098_ED_current_density.png;098_ED_3D_iso.png;098_ED_data.npz;10,0000;0,7000;0,2500;-0,2600;50,0000;1,0000;60,0000;0,9800;4,0000;0,0600;10,0175;-0,4631;792,2594;1001,7515;1281,7098;1,5905;2,0111;2,5731;9,9068;13,5198;112,8245;OK
099;099_ED_thickness_map.png;099_ED_current_density.png;099_ED_3D_iso.png;099_ED_data.npz;10,0000;0,7000;0,2500;-0,2600;50,0000;1,0000;90,0000;0,9800;4,0000;0,0600;10,0175;-0,4631;792,2594;1001,7515;1281,7098;2,3858;3,0166;3,8597;9,9068;13,5198;111,0705;OK
100;100_ED_thickness_map.png;100_ED_current_density.png;100_ED_3D_iso.png;100_ED_data.npz;10,0000;1,1000;0,2500;-0,2600;10,0000;1,0000;30,0000;0,9800;4,0000;0,0600;9,8906;-0,5109;530,6560;989,0593;2548,7514;0,5327;0,9928;2,5584;33,0170;13,5198;109,3543;OK
101;101_ED_thickness_map.png;101_ED_current_density.png;101_ED_3D_iso.png;101_ED_data.npz;10,0000;1,1000;0,2500;-0,2600;10,0000;1,0000;60,0000;0,9800;4,0000;0,0600;9,8906;-0,5109;530,6560;989,0593;2548,7514;1,0653;1,9856;5,1168;33,0170;13,5198;108,5668;OK
102;102_ED_thickness_map.png;102_ED_current_density.png;102_ED_3D_iso.png;102_ED_data.npz;10,0000;1,1000;0,2500;-0,2600;10,0000;1,0000;90,0000;0,9800;4,0000;0,0600;9,8906;-0,5109;530,6560;989,0593;2548,7514;1,5980;2,9784;7,6752;33,0170;13,5198;109,7703;OK
103;103_ED_thickness_map.png;103_ED_current_density.png;103_ED_3D_iso.png;103_ED_data.npz;10,0000;1,1000;0,2500;-0,2600;30,0000;1,0000;30,0000;0,9800;4,0000;0,0600;10,0153;-0,4621;714,4332;1001,5265;1477,2241;0,7171;1,0053;1,4828;14,7007;13,5198;114,8191;OK
104;104_ED_thickness_map.png;104_ED_current_density.png;104_ED_3D_iso.png;104_ED_data.npz;10,0000;1,1000;0,2500;-0,2600;30,0000;1,0000;60,0000;0,9800;4,0000;0,0600;10,0153;-0,4621;714,4332;1001,5265;1477,2241;1,4343;2,0106;2,9656;14,7007;13,5198;116,4590;OK
105;105_ED_thickness_map.png;105_ED_current_density.png;105_ED_3D_iso.png;105_ED_data.npz;10,0000;1,1000;0,2500;-0,2600;30,0000;1,0000;90,0000;0,9800;4,0000;0,0600;10,0153;-0,4621;714,4332;1001,5265;1477,2241;2,1514;3,0160;4,4485;14,7007;13,5198;115,3568;OK
106;106_ED_thickness_map.png;106_ED_current_density.png;106_ED_3D_iso.png;106_ED_data.npz;10,0000;1,1000;0,2500;-0,2600;50,0000;1,0000;30,0000;0,9800;4,0000;0,0600;9,9888;-0,4514;789,9400;998,8775;1277,5367;0,7929;1,0027;1,2824;9,9014;13,5198;124,5777;OK
107;107_ED_thickness_map.png;107_ED_current_density.png;107_ED_3D_iso.png;107_ED_data.npz;10,0000;1,1000;0,2500;-0,2600;50,0000;1,0000;60,0000;0,9800;4,0000;0,0600;9,9888;-0,4514;789,9400;998,8775;1277,5367;1,5859;2,0053;2,5647;9,9014;13,5198;135,2651;OK
108;108_ED_thickness_map.png;108_ED_current_density.png;108_ED_3D_iso.png;108_ED_data.npz;10,0000;1,1000;0,2500;-0,2600;50,0000;1,0000;90,0000;0,9800;4,0000;0,0600;9,9888;-0,4514;789,9400;998,8775;1277,5367;2,3788;3,0080;3,8471;9,9014;13,5198;116,8369;OK
109;109_ED_thickness_map.png;109_ED_current_density.png;109_ED_3D_iso.png;109_ED_data.npz;10,0000;0,3000;0,5000;-0,2600;10,0000;1,0000;30,0000;0,9800;4,0000;0,0600;10,0656;-0,5461;537,0884;1006,5573;2629,1872;0,5391;1,0104;2,6391;33,5011;13,5198;124,1038;OK
110;110_ED_thickness_map.png;110_ED_current_density.png;110_ED_3D_iso.png;110_ED_data.npz;10,0000;0,3000;0,5000;-0,2600;10,0000;1,0000;60,0000;0,9800;4,0000;0,0600;10,0656;-0,5461;537,0884;1006,5573;2629,1872;1,0782;2,0207;5,2783;33,5011;13,5198;116,3629;OK
111;111_ED_thickness_map.png;111_ED_current_density.png;111_ED_3D_iso.png;111_ED_data.npz;10,0000;0,3000;0,5000;-0,2600;10,0000;1,0000;90,0000;0,9800;4,0000;0,0600;10,0656;-0,5461;537,0884;1006,5573;2629,1872;1,6174;3,0311;7,9174;33,5011;13,5198;116,5219;OK
112;112_ED_thickness_map.png;112_ED_current_density.png;112_ED_3D_iso.png;112_ED_data.npz;10,0000;0,3000;0,5000;-0,2600;30,0000;1,0000;30,0000;0,9800;4,0000;0,0600;9,9822;-0,4953;712,7707;998,2178;1470,5578;0,7155;1,0020;1,4761;14,6579;13,5198;97,2309;OK
113;113_ED_thickness_map.png;113_ED_current_density.png;113_ED_3D_iso.png;113_ED_data.npz;10,0000;0,3000;0,5000;-0,2600;30,0000;1,0000;60,0000;0,9800;4,0000;0,0600;9,9822;-0,4953;712,7707;998,2178;1470,5578;1,4309;2,0040;2,9523;14,6579;13,5198;96,6867;OK
114;114_ED_thickness_map.png;114_ED_current_density.png;114_ED_3D_iso.png;114_ED_data.npz;10,0000;0,3000;0,5000;-0,2600;30,0000;1,0000;90,0000;0,9800;4,0000;0,0600;9,9822;-0,4953;712,7707;998,2178;1470,5578;2,1464;3,0060;4,4284;14,6579;13,5198;97,2021;OK
115;115_ED_thickness_map.png;115_ED_current_density.png;115_ED_3D_iso.png;115_ED_data.npz;10,0000;0,3000;0,5000;-0,2600;50,0000;1,0000;30,0000;0,9800;4,0000;0,0600;10,1910;-0,4855;804,4775;1019,1039;1308,2809;0,8075;1,0230;1,3132;10,0070;13,5198;97,6014;OK
116;116_ED_thickness_map.png;116_ED_current_density.png;116_ED_3D_iso.png;116_ED_data.npz;10,0000;0,3000;0,5000;-0,2600;50,0000;1,0000;60,0000;0,9800;4,0000;0,0600;10,1910;-0,4855;804,4775;1019,1039;1308,2809;1,6150;2,0459;2,6265;10,0070;13,5198;99,7807;OK
117;117_ED_thickness_map.png;117_ED_current_density.png;117_ED_3D_iso.png;117_ED_data.npz;10,0000;0,3000;0,5000;-0,2600;50,0000;1,0000;90,0000;0,9800;4,0000;0,0600;10,1910;-0,4855;804,4775;1019,1039;1308,2809;2,4226;3,0689;3,9397;10,0070;13,5198;99,5696;OK
118;118_ED_thickness_map.png;118_ED_current_density.png;118_ED_3D_iso.png;118_ED_data.npz;10,0000;0,7000;0,5000;-0,2600;10,0000;1,0000;30,0000;0,9800;4,0000;0,0600;9,8922;-0,5227;530,1586;989,2177;2552,2868;0,5322;0,9930;2,5620;33,0713;13,5198;131,1026;OK
119;119_ED_thickness_map.png;119_ED_current_density.png;119_ED_3D_iso.png;119_ED_data.npz;10,0000;0,7000;0,5000;-0,2600;10,0000;1,0000;60,0000;0,9800;4,0000;0,0600;9,8922;-0,5227;530,1586;989,2177;2552,2868;1,0643;1,9859;5,1239;33,0713;13,5198;132,2677;OK
120;120_ED_thickness_map.png;120_ED_current_density.png;120_ED_3D_iso.png;120_ED_data.npz;10,0000;0,7000;0,5000;-0,2600;10,0000;1,0000;90,0000;0,9800;4,0000;0,0600;9,8922;-0,5227;530,1586;989,2177;2552,2868;1,5965;2,9789;7,6859;33,0713;13,5198;129,8317;OK
121;121_ED_thickness_map.png;121_ED_current_density.png;121_ED_3D_iso.png;121_ED_data.npz;10,0000;0,7000;0,5000;-0,2600;30,0000;1,0000;30,0000;0,9800;4,0000;0,0600;10,0363;-0,4738;715,6587;1003,6287;1481,3156;0,7184;1,0074;1,4869;14,7214;13,5198;119,0210;OK
122;122_ED_thickness_map.png;122_ED_current_density.png;122_ED_3D_iso.png;122_ED_data.npz;10,0000;0,7000;0,5000;-0,2600;30,0000;1,0000;60,0000;0,9800;4,0000;0,0600;10,0363;-0,4738;715,6587;1003,6287;1481,3156;1,4367;2,0149;2,9738;14,7214;13,5198;116,1360;OK
123;123_ED_thickness_map.png;123_ED_current_density.png;123_ED_3D_iso.png;123_ED_data.npz;10,0000;0,7000;0,5000;-0,2600;30,0000;1,0000;90,0000;0,9800;4,0000;0,0600;10,0363;-0,4738;715,6587;1003,6287;1481,3156;2,1551;3,0223;4,4608;14,7214;13,5198;115,5597;OK
124;124_ED_thickness_map.png;124_ED_current_density.png;124_ED_3D_iso.png;124_ED_data.npz;10,0000;0,7000;0,5000;-0,2600;50,0000;1,0000;30,0000;0,9800;4,0000;0,0600;10,0176;-0,4631;792,2715;1001,7628;1281,7207;0,7953;1,0056;1,2866;9,9067;13,5198;114,5028;OK
125;125_ED_thickness_map.png;125_ED_current_density.png;125_ED_3D_iso.png;125_ED_data.npz;10,0000;0,7000;0,5000;-0,2600;50,0000;1,0000;60,0000;0,9800;4,0000;0,0600;10,0176;-0,4631;792,2715;1001,7628;1281,7207;1,5905;2,0111;2,5731;9,9067;13,5198;116,6545;OK
126;126_ED_thickness_map.png;126_ED_current_density.png;126_ED_3D_iso.png;126_ED_data.npz;10,0000;0,7000;0,5000;-0,2600;50,0000;1,0000;90,0000;0,9800;4,0000;0,0600;10,0176;-0,4631;792,2715;1001,7628;1281,7207;2,3858;3,0167;3,8597;9,9067;13,5198;117,0151;OK
127;127_ED_thickness_map.png;127_ED_current_density.png;127_ED_3D_iso.png;127_ED_data.npz;10,0000;1,1000;0,5000;-0,2600;10,0000;1,0000;30,0000;0,9800;4,0000;0,0600;9,8907;-0,5109;530,6745;989,0698;2548,7389;0,5327;0,9928;2,5584;33,0161;13,5198;112,8407;OK
128;128_ED_thickness_map.png;128_ED_current_density.png;128_ED_3D_iso.png;128_ED_data.npz;10,0000;1,1000;0,5000;-0,2600;10,0000;1,0000;60,0000;0,9800;4,0000;0,0600;9,8907;-0,5109;530,6745;989,0698;2548,7389;1,0654;1,9856;5,1168;33,0161;13,5198;110,9392;OK
129;129_ED_thickness_map.png;129_ED_current_density.png;129_ED_3D_iso.png;129_ED_data.npz;10,0000;1,1000;0,5000;-0,2600;10,0000;1,0000;90,0000;0,9800;4,0000;0,0600;9,8907;-0,5109;530,6745;989,0698;2548,7389;1,5981;2,9784;7,6752;33,0161;13,5198;110,4900;OK
130;130_ED_thickness_map.png;130_ED_current_density.png;130_ED_3D_iso.png;130_ED_data.npz;10,0000;1,1000;0,5000;-0,2600;30,0000;1,0000;30,0000;0,9800;4,0000;0,0600;10,0154;-0,4621;714,4532;1001,5436;1477,2376;0,7172;1,0053;1,4828;14,7004;13,5198;119,0491;OK
131;131_ED_thickness_map.png;131_ED_current_density.png;131_ED_3D_iso.png;131_ED_data.npz;10,0000;1,1000;0,5000;-0,2600;30,0000;1,0000;60,0000;0,9800;4,0000;0,0600;10,0154;-0,4621;714,4532;1001,5436;1477,2376;1,4343;2,0107;2,9657;14,7004;13,5198;116,4762;OK
132;132_ED_thickness_map.png;132_ED_current_density.png;132_ED_3D_iso.png;132_ED_data.npz;10,0000;1,1000;0,5000;-0,2600;30,0000;1,0000;90,0000;0,9800;4,0000;0,0600;10,0154;-0,4621;714,4532;1001,5436;1477,2376;2,1515;3,0160;4,4485;14,7004;13,5198;118,6507;OK
133;133_ED_thickness_map.png;133_ED_current_density.png;133_ED_3D_iso.png;133_ED_data.npz;10,0000;1,1000;0,5000;-0,2600;50,0000;1,0000;30,0000;0,9800;4,0000;0,0600;9,9890;-0,4514;789,9630;998,8993;1277,5578;0,7930;1,0027;1,2824;9,9012;13,5198;114,5709;OK
134;134_ED_thickness_map.png;134_ED_current_density.png;134_ED_3D_iso.png;134_ED_data.npz;10,0000;1,1000;0,5000;-0,2600;50,0000;1,0000;60,0000;0,9800;4,0000;0,0600;9,9890;-0,4514;789,9630;998,8993;1277,5578;1,5859;2,0054;2,5648;9,9012;13,5198;115,9019;OK
135;135_ED_thickness_map.png;135_ED_current_density.png;135_ED_3D_iso.png;135_ED_data.npz;10,0000;1,1000;0,5000;-0,2600;50,0000;1,0000;90,0000;0,9800;4,0000;0,0600;9,9890;-0,4514;789,9630;998,8993;1277,5578;2,3789;3,0080;3,8472;9,9012;13,5198;109,3044;OK
136;136_ED_thickness_map.png;136_ED_current_density.png;136_ED_3D_iso.png;136_ED_data.npz;10,0000;0,3000;0,7500;-0,2600;10,0000;1,0000;30,0000;0,9800;4,0000;0,0600;10,0656;-0,5461;537,0888;1006,5574;2629,1872;0,5391;1,0104;2,6391;33,5011;13,5198;116,6110;OK
137;137_ED_thickness_map.png;137_ED_current_density.png;137_ED_3D_iso.png;137_ED_data.npz;10,0000;0,3000;0,7500;-0,2600;10,0000;1,0000;60,0000;0,9800;4,0000;0,0600;10,0656;-0,5461;537,0888;1006,5574;2629,1872;1,0782;2,0207;5,2783;33,5011;13,5198;117,1858;OK
138;138_ED_thickness_map.png;138_ED_current_density.png;138_ED_3D_iso.png;138_ED_data.npz;10,0000;0,3000;0,7500;-0,2600;10,0000;1,0000;90,0000;0,9800;4,0000;0,0600;10,0656;-0,5461;537,0888;1006,5574;2629,1872;1,6174;3,0311;7,9174;33,5011;13,5198;117,5459;OK
139;139_ED_thickness_map.png;139_ED_current_density.png;139_ED_3D_iso.png;139_ED_data.npz;10,0000;0,3000;0,7500;-0,2600;30,0000;1,0000;30,0000;0,9800;4,0000;0,0600;9,9822;-0,4953;712,7708;998,2179;1470,5578;0,7155;1,0020;1,4761;14,6579;13,5198;101,5646;OK
140;140_ED_thickness_map.png;140_ED_current_density.png;140_ED_3D_iso.png;140_ED_data.npz;10,0000;0,3000;0,7500;-0,2600;30,0000;1,0000;60,0000;0,9800;4,0000;0,0600;9,9822;-0,4953;712,7708;998,2179;1470,5578;1,4309;2,0040;2,9523;14,6579;13,5198;98,7715;OK
141;141_ED_thickness_map.png;141_ED_current_density.png;141_ED_3D_iso.png;141_ED_data.npz;10,0000;0,3000;0,7500;-0,2600;30,0000;1,0000;90,0000;0,9800;4,0000;0,0600;9,9822;-0,4953;712,7708;998,2179;1470,5578;2,1464;3,0060;4,4284;14,6579;13,5198;99,4991;OK
142;142_ED_thickness_map.png;142_ED_current_density.png;142_ED_3D_iso.png;142_ED_data.npz;10,0000;0,3000;0,7500;-0,2600;50,0000;1,0000;30,0000;0,9800;4,0000;0,0600;10,1910;-0,4855;804,4778;1019,1041;1308,2811;0,8075;1,0230;1,3132;10,0070;13,5198;97,5020;OK
143;143_ED_thickness_map.png;143_ED_current_density.png;143_ED_3D_iso.png;143_ED_data.npz;10,0000;0,3000;0,7500;-0,2600;50,0000;1,0000;60,0000;0,9800;4,0000;0,0600;10,1910;-0,4855;804,4778;1019,1041;1308,2811;1,6150;2,0459;2,6265;10,0070;13,5198;98,8839;OK
144;144_ED_thickness_map.png;144_ED_current_density.png;144_ED_3D_iso.png;144_ED_data.npz;10,0000;0,3000;0,7500;-0,2600;50,0000;1,0000;90,0000;0,9800;4,0000;0,0600;10,1910;-0,4855;804,4778;1019,1041;1308,2811;2,4226;3,0689;3,9397;10,0070;13,5198;97,4966;OK
145;145_ED_thickness_map.png;145_ED_current_density.png;145_ED_3D_iso.png;145_ED_data.npz;10,0000;0,7000;0,7500;-0,2600;10,0000;1,0000;30,0000;0,9800;4,0000;0,0600;9,8922;-0,5227;530,1590;989,2178;2552,2865;0,5322;0,9930;2,5620;33,0712;13,5198;124,1940;OK
146;146_ED_thickness_map.png;146_ED_current_density.png;146_ED_3D_iso.png;146_ED_data.npz;10,0000;0,7000;0,7500;-0,2600;10,0000;1,0000;60,0000;0,9800;4,0000;0,0600;9,8922;-0,5227;530,1590;989,2178;2552,2865;1,0643;1,9859;5,1239;33,0712;13,5198;118,8289;OK
147;147_ED_thickness_map.png;147_ED_current_density.png;147_ED_3D_iso.png;147_ED_data.npz;10,0000;0,7000;0,7500;-0,2600;10,0000;1,0000;90,0000;0,9800;4,0000;0,0600;9,8922;-0,5227;530,1590;989,2178;2552,2865;1,5965;2,9789;7,6859;33,0712;13,5198;124,0498;OK
148;148_ED_thickness_map.png;148_ED_current_density.png;148_ED_3D_iso.png;148_ED_data.npz;10,0000;0,7000;0,7500;-0,2600;30,0000;1,0000;30,0000;0,9800;4,0000;0,0600;10,0363;-0,4738;715,6590;1003,6289;1481,3157;0,7184;1,0074;1,4869;14,7214;13,5198;108,7682;OK
149;149_ED_thickness_map.png;149_ED_current_density.png;149_ED_3D_iso.png;149_ED_data.npz;10,0000;0,7000;0,7500;-0,2600;30,0000;1,0000;60,0000;0,9800;4,0000;0,0600;10,0363;-0,4738;715,6590;1003,6289;1481,3157;1,4367;2,0149;2,9739;14,7214;13,5198;107,9333;OK
150;150_ED_thickness_map.png;150_ED_current_density.png;150_ED_3D_iso.png;150_ED_data.npz;10,0000;0,7000;0,7500;-0,2600;30,0000;1,0000;90,0000;0,9800;4,0000;0,0600;10,0363;-0,4738;715,6590;1003,6289;1481,3157;2,1551;3,0223;4,4608;14,7214;13,5198;111,3699;OK
151;151_ED_thickness_map.png;151_ED_current_density.png;151_ED_3D_iso.png;151_ED_data.npz;10,0000;0,7000;0,7500;-0,2600;50,0000;1,0000;30,0000;0,9800;4,0000;0,0600;10,0176;-0,4631;792,2722;1001,7632;1281,7210;0,7953;1,0056;1,2866;9,9067;13,5198;108,7220;OK
152;152_ED_thickness_map.png;152_ED_current_density.png;152_ED_3D_iso.png;152_ED_data.npz;10,0000;0,7000;0,7500;-0,2600;50,0000;1,0000;60,0000;0,9800;4,0000;0,0600;10,0176;-0,4631;792,2722;1001,7632;1281,7210;1,5905;2,0111;2,5731;9,9067;13,5198;110,2686;OK
153;153_ED_thickness_map.png;153_ED_current_density.png;153_ED_3D_iso.png;153_ED_data.npz;10,0000;0,7000;0,7500;-0,2600;50,0000;1,0000;90,0000;0,9800;4,0000;0,0600;10,0176;-0,4631;792,2722;1001,7632;1281,7210;2,3858;3,0167;3,8597;9,9067;13,5198;106,8618;OK
154;154_ED_thickness_map.png;154_ED_current_density.png;154_ED_3D_iso.png;154_ED_data.npz;10,0000;1,1000;0,7500;-0,2600;10,0000;1,0000;30,0000;0,9800;4,0000;0,0600;9,8907;-0,5109;530,6764;989,0711;2548,7394;0,5327;0,9928;2,5584;33,0160;13,5198;105,9447;OK
155;155_ED_thickness_map.png;155_ED_current_density.png;155_ED_3D_iso.png;155_ED_data.npz;10,0000;1,1000;0,7500;-0,2600;10,0000;1,0000;60,0000;0,9800;4,0000;0,0600;9,8907;-0,5109;530,6764;989,0711;2548,7394;1,0654;1,9856;5,1168;33,0160;13,5198;105,6312;OK
156;156_ED_thickness_map.png;156_ED_current_density.png;156_ED_3D_iso.png;156_ED_data.npz;10,0000;1,1000;0,7500;-0,2600;10,0000;1,0000;90,0000;0,9800;4,0000;0,0600;9,8907;-0,5109;530,6764;989,0711;2548,7394;1,5981;2,9784;7,6752;33,0160;13,5198;105,6541;OK
157;157_ED_thickness_map.png;157_ED_current_density.png;157_ED_3D_iso.png;157_ED_data.npz;10,0000;1,1000;0,7500;-0,2600;30,0000;1,0000;30,0000;0,9800;4,0000;0,0600;10,0154;-0,4621;714,4540;1001,5442;1477,2379;0,7172;1,0053;1,4828;14,7003;13,5198;114,9090;OK
158;158_ED_thickness_map.png;158_ED_current_density.png;158_ED_3D_iso.png;158_ED_data.npz;10,0000;1,1000;0,7500;-0,2600;30,0000;1,0000;60,0000;0,9800;4,0000;0,0600;10,0154;-0,4621;714,4540;1001,5442;1477,2379;1,4343;2,0107;2,9657;14,7003;13,5198;112,9168;OK
159;159_ED_thickness_map.png;159_ED_current_density.png;159_ED_3D_iso.png;159_ED_data.npz;10,0000;1,1000;0,7500;-0,2600;30,0000;1,0000;90,0000;0,9800;4,0000;0,0600;10,0154;-0,4621;714,4540;1001,5442;1477,2379;2,1515;3,0160;4,4485;14,7003;13,5198;117,6728;OK
160;160_ED_thickness_map.png;160_ED_current_density.png;160_ED_3D_iso.png;160_ED_data.npz;10,0000;1,1000;0,7500;-0,2600;50,0000;1,0000;30,0000;0,9800;4,0000;0,0600;9,9890;-0,4514;789,9642;998,9002;1277,5584;0,7930;1,0027;1,2824;9,9012;13,5198;113,3668;OK
161;161_ED_thickness_map.png;161_ED_current_density.png;161_ED_3D_iso.png;161_ED_data.npz;10,0000;1,1000;0,7500;-0,2600;50,0000;1,0000;60,0000;0,9800;4,0000;0,0600;9,9890;-0,4514;789,9642;998,9002;1277,5584;1,5859;2,0054;2,5648;9,9012;13,5198;113,8800;OK
162;162_ED_thickness_map.png;162_ED_current_density.png;162_ED_3D_iso.png;162_ED_data.npz;10,0000;1,1000;0,7500;-0,2600;50,0000;1,0000;90,0000;0,9800;4,0000;0,0600;9,9890;-0,4514;789,9642;998,9002;1277,5584;2,3789;3,0080;3,8472;9,9012;13,5198;112,1990;OK
163;163_ED_thickness_map.png;163_ED_current_density.png;163_ED_3D_iso.png;163_ED_data.npz;15,0000;0,3000;0,2500;-0,2600;10,0000;1,0000;30,0000;0,9800;4,0000;0,0600;14,8194;-0,5891;701,1010;1481,9434;5302,2193;0,7038;1,4876;5,3223;45,5593;13,5198;143,8163;OK
164;164_ED_thickness_map.png;164_ED_current_density.png;164_ED_3D_iso.png;164_ED_data.npz;15,0000;0,3000;0,2500;-0,2600;10,0000;1,0000;60,0000;0,9800;4,0000;0,0600;14,8194;-0,5891;701,1010;1481,9434;5302,2193;1,4075;2,9751;10,6446;45,5593;13,5198;138,9853;OK
165;165_ED_thickness_map.png;165_ED_current_density.png;165_ED_3D_iso.png;165_ED_data.npz;15,0000;0,3000;0,2500;-0,2600;10,0000;1,0000;90,0000;0,9800;4,0000;0,0600;14,8194;-0,5891;701,1010;1481,9434;5302,2193;2,1113;4,4627;15,9669;45,5593;13,5198;142,3818;OK
166;166_ED_thickness_map.png;166_ED_current_density.png;166_ED_3D_iso.png;166_ED_data.npz;15,0000;0,3000;0,2500;-0,2600;30,0000;1,0000;30,0000;0,9800;4,0000;0,0600;14,9940;-0,5188;971,3263;1499,4039;2594,5014;0,9750;1,5051;2,6043;19,8106;13,5198;88,6422;OK
167;167_ED_thickness_map.png;167_ED_current_density.png;167_ED_3D_iso.png;167_ED_data.npz;15,0000;0,3000;0,2500;-0,2600;30,0000;1,0000;60,0000;0,9800;4,0000;0,0600;14,9940;-0,5188;971,3263;1499,4039;2594,5014;1,9500;3,0102;5,2087;19,8106;13,5198;90,7184;OK
168;168_ED_thickness_map.png;168_ED_current_density.png;168_ED_3D_iso.png;168_ED_data.npz;15,0000;0,3000;0,2500;-0,2600;30,0000;1,0000;90,0000;0,9800;4,0000;0,0600;14,9940;-0,5188;971,3263;1499,4039;2594,5014;2,9250;4,5152;7,8130;19,8106;13,5198;96,2729;OK
169;169_ED_thickness_map.png;169_ED_current_density.png;169_ED_3D_iso.png;169_ED_data.npz;15,0000;0,3000;0,2500;-0,2600;50,0000;1,0000;30,0000;0,9800;4,0000;0,0600;14,9779;-0,5031;1093,9971;1497,7876;2132,9789;1,0981;1,5035;2,1411;13,5521;13,5198;93,4931;OK
170;170_ED_thickness_map.png;170_ED_current_density.png;170_ED_3D_iso.png;170_ED_data.npz;15,0000;0,3000;0,2500;-0,2600;50,0000;1,0000;60,0000;0,9800;4,0000;0,0600;14,9779;-0,5031;1093,9971;1497,7876;2132,9789;2,1963;3,0069;4,2821;13,5521;13,5198;93,0556;OK
171;171_ED_thickness_map.png;171_ED_current_density.png;171_ED_3D_iso.png;171_ED_data.npz;15,0000;0,3000;0,2500;-0,2600;50,0000;1,0000;90,0000;0,9800;4,0000;0,0600;14,9779;-0,5031;1093,9971;1497,7876;2132,9789;3,2944;4,5104;6,4232;13,5521;13,5198;92,7170;OK
172;172_ED_thickness_map.png;172_ED_current_density.png;172_ED_3D_iso.png;172_ED_data.npz;15,0000;0,7000;0,2500;-0,2600;10,0000;1,0000;30,0000;0,9800;4,0000;0,0600;15,0866;-0,5695;709,8780;1508,6609;5484,1949;0,7126;1,5144;5,5050;46,2131;13,5198;148,9319;OK
173;173_ED_thickness_map.png;173_ED_current_density.png;173_ED_3D_iso.png;173_ED_data.npz;15,0000;0,7000;0,2500;-0,2600;10,0000;1,0000;60,0000;0,9800;4,0000;0,0600;15,0866;-0,5695;709,8780;1508,6609;5484,1949;1,4251;3,0287;11,0099;46,2131;13,5198;150,5692;OK
174;174_ED_thickness_map.png;174_ED_current_density.png;174_ED_3D_iso.png;174_ED_data.npz;15,0000;0,7000;0,2500;-0,2600;10,0000;1,0000;90,0000;0,9800;4,0000;0,0600;15,0866;-0,5695;709,8780;1508,6609;5484,1949;2,1377;4,5431;16,5149;46,2131;13,5198;150,8153;OK
175;175_ED_thickness_map.png;175_ED_current_density.png;175_ED_3D_iso.png;175_ED_data.npz;15,0000;0,7000;0,2500;-0,2600;30,0000;1,0000;30,0000;0,9800;4,0000;0,0600;15,0604;-0,4973;974,5000;1506,0379;2611,2964;0,9782;1,5117;2,6212;19,8758;13,5198;126,5921;OK
176;176_ED_thickness_map.png;176_ED_current_density.png;176_ED_3D_iso.png;176_ED_data.npz;15,0000;0,7000;0,2500;-0,2600;30,0000;1,0000;60,0000;0,9800;4,0000;0,0600;15,0604;-0,4973;974,5000;1506,0379;2611,2964;1,9564;3,0235;5,2424;19,8758;13,5198;126,6051;OK
177;177_ED_thickness_map.png;177_ED_current_density.png;177_ED_3D_iso.png;177_ED_data.npz;15,0000;0,7000;0,2500;-0,2600;30,0000;1,0000;90,0000;0,9800;4,0000;0,0600;15,0604;-0,4973;974,5000;1506,0379;2611,2964;2,9346;4,5352;7,8636;19,8758;13,5198;126,7174;OK
178;178_ED_thickness_map.png;178_ED_current_density.png;178_ED_3D_iso.png;178_ED_data.npz;15,0000;0,7000;0,2500;-0,2600;50,0000;1,0000;30,0000;0,9800;4,0000;0,0600;15,0637;-0,4816;1098,8631;1506,3742;2149,0690;1,1030;1,5121;2,1572;13,6121;13,5198;116,4879;OK
179;179_ED_thickness_map.png;179_ED_current_density.png;179_ED_3D_iso.png;179_ED_data.npz;15,0000;0,7000;0,2500;-0,2600;50,0000;1,0000;60,0000;0,9800;4,0000;0,0600;15,0637;-0,4816;1098,8631;1506,3742;2149,0690;2,2060;3,0242;4,3144;13,6121;13,5198;119,8318;OK
180;180_ED_thickness_map.png;180_ED_current_density.png;180_ED_3D_iso.png;180_ED_data.npz;15,0000;0,7000;0,2500;-0,2600;50,0000;1,0000;90,0000;0,9800;4,0000;0,0600;15,0637;-0,4816;1098,8631;1506,3742;2149,0690;3,3091;4,5362;6,4716;13,6121;13,5198;120,8328;OK
181;181_ED_thickness_map.png;181_ED_current_density.png;181_ED_3D_iso.png;181_ED_data.npz;15,0000;1,1000;0,2500;-0,2600;10,0000;1,0000;30,0000;0,9800;4,0000;0,0600;15,0721;-0,5578;709,2057;1507,2070;5475,1610;0,7119;1,5129;5,4959;46,1876;13,5198;141,0942;OK
182;182_ED_thickness_map.png;182_ED_current_density.png;182_ED_3D_iso.png;182_ED_data.npz;15,0000;1,1000;0,2500;-0,2600;10,0000;1,0000;60,0000;0,9800;4,0000;0,0600;15,0721;-0,5578;709,2057;1507,2070;5475,1610;1,4238;3,0258;10,9918;46,1876;13,5198;145,6439;OK
183;183_ED_thickness_map.png;183_ED_current_density.png;183_ED_3D_iso.png;183_ED_data.npz;15,0000;1,1000;0,2500;-0,2600;10,0000;1,0000;90,0000;0,9800;4,0000;0,0600;15,0721;-0,5578;709,2057;1507,2070;5475,1610;2,1357;4,5387;16,4877;46,1876;13,5198;165,3079;OK
184;184_ED_thickness_map.png;184_ED_current_density.png;184_ED_3D_iso.png;184_ED_data.npz;15,0000;1,1000;0,2500;-0,2600;30,0000;1,0000;30,0000;0,9800;4,0000;0,0600;15,0562;-0,4855;976,9942;1505,6244;2606,5272;0,9807;1,5113;2,6164;19,7919;13,5198;126,1604;OK
185;185_ED_thickness_map.png;185_ED_current_density.png;185_ED_3D_iso.png;185_ED_data.npz;15,0000;1,1000;0,2500;-0,2600;30,0000;1,0000;60,0000;0,9800;4,0000;0,0600;15,0562;-0,4855;976,9942;1505,6244;2606,5272;1,9614;3,0227;5,2328;19,7919;13,5198;128,7579;OK
186;186_ED_thickness_map.png;186_ED_current_density.png;186_ED_3D_iso.png;186_ED_data.npz;15,0000;1,1000;0,2500;-0,2600;30,0000;1,0000;90,0000;0,9800;4,0000;0,0600;15,0562;-0,4855;976,9942;1505,6244;2606,5272;2,9421;4,5340;7,8492;19,7919;13,5198;125,9396;OK
187;187_ED_thickness_map.png;187_ED_current_density.png;187_ED_3D_iso.png;187_ED_data.npz;15,0000;1,1000;0,2500;-0,2600;50,0000;1,0000;30,0000;0,9800;4,0000;0,0600;15,0310;-0,4699;1096,9422;1503,1024;2142,9849;1,1011;1,5088;2,1511;13,5909;13,5198;129,4416;OK
188;188_ED_thickness_map.png;188_ED_current_density.png;188_ED_3D_iso.png;188_ED_data.npz;15,0000;1,1000;0,2500;-0,2600;50,0000;1,0000;60,0000;0,9800;4,0000;0,0600;15,0310;-0,4699;1096,9422;1503,1024;2142,9849;2,2022;3,0176;4,3022;13,5909;13,5198;138,5082;OK
189;189_ED_thickness_map.png;189_ED_current_density.png;189_ED_3D_iso.png;189_ED_data.npz;15,0000;1,1000;0,2500;-0,2600;50,0000;1,0000;90,0000;0,9800;4,0000;0,0600;15,0310;-0,4699;1096,9422;1503,1024;2142,9849;3,3033;4,5264;6,4533;13,5909;13,5198;118,9677;OK
190;190_ED_thickness_map.png;190_ED_current_density.png;190_ED_3D_iso.png;190_ED_data.npz;15,0000;0,3000;0,5000;-0,2600;10,0000;1,0000;30,0000;0,9800;4,0000;0,0600;14,8194;-0,5891;701,1028;1481,9441;5302,2151;0,7038;1,4876;5,3223;45,5592;13,5198;153,2213;OK
191;191_ED_thickness_map.png;191_ED_current_density.png;191_ED_3D_iso.png;191_ED_data.npz;15,0000;0,3000;0,5000;-0,2600;10,0000;1,0000;60,0000;0,9800;4,0000;0,0600;14,8194;-0,5891;701,1028;1481,9441;5302,2151;1,4075;2,9751;10,6446;45,5592;13,5198;154,6146;OK
192;192_ED_thickness_map.png;192_ED_current_density.png;192_ED_3D_iso.png;192_ED_data.npz;15,0000;0,3000;0,5000;-0,2600;10,0000;1,0000;90,0000;0,9800;4,0000;0,0600;14,8194;-0,5891;701,1028;1481,9441;5302,2151;2,1113;4,4627;15,9669;45,5592;13,5198;161,1529;OK
193;193_ED_thickness_map.png;193_ED_current_density.png;193_ED_3D_iso.png;193_ED_data.npz;15,0000;0,3000;0,5000;-0,2600;30,0000;1,0000;30,0000;0,9800;4,0000;0,0600;14,9941;-0,5188;971,3285;1499,4055;2594,5020;0,9750;1,5051;2,6043;19,8106;13,5198;114,3623;OK
194;194_ED_thickness_map.png;194_ED_current_density.png;194_ED_3D_iso.png;194_ED_data.npz;15,0000;0,3000;0,5000;-0,2600;30,0000;1,0000;60,0000;0,9800;4,0000;0,0600;14,9941;-0,5188;971,3285;1499,4055;2594,5020;1,9500;3,0102;5,2087;19,8106;13,5198;96,5354;OK
195;195_ED_thickness_map.png;195_ED_current_density.png;195_ED_3D_iso.png;195_ED_data.npz;15,0000;0,3000;0,5000;-0,2600;30,0000;1,0000;90,0000;0,9800;4,0000;0,0600;14,9941;-0,5188;971,3285;1499,4055;2594,5020;2,9250;4,5152;7,8130;19,8106;13,5198;97,7737;OK
196;196_ED_thickness_map.png;196_ED_current_density.png;196_ED_3D_iso.png;196_ED_data.npz;15,0000;0,3000;0,5000;-0,2600;50,0000;1,0000;30,0000;0,9800;4,0000;0,0600;14,9779;-0,5031;1093,9996;1497,7898;2132,9807;1,0981;1,5035;2,1411;13,5521;13,5198;90,8392;OK
197;197_ED_thickness_map.png;197_ED_current_density.png;197_ED_3D_iso.png;197_ED_data.npz;15,0000;0,3000;0,5000;-0,2600;50,0000;1,0000;60,0000;0,9800;4,0000;0,0600;14,9779;-0,5031;1093,9996;1497,7898;2132,9807;2,1963;3,0069;4,2821;13,5521;13,5198;89,8914;OK
198;198_ED_thickness_map.png;198_ED_current_density.png;198_ED_3D_iso.png;198_ED_data.npz;15,0000;0,3000;0,5000;-0,2600;50,0000;1,0000;90,0000;0,9800;4,0000;0,0600;14,9779;-0,5031;1093,9996;1497,7898;2132,9807;3,2944;4,5104;6,4232;13,5521;13,5198;97,8152;OK
199;199_ED_thickness_map.png;199_ED_current_density.png;199_ED_3D_iso.png;199_ED_data.npz;15,0000;0,7000;0,5000;-0,2600;10,0000;1,0000;30,0000;0,9800;4,0000;0,0600;15,0866;-0,5695;709,8853;1508,6638;5484,1807;0,7126;1,5144;5,5049;46,2128;13,5198;154,6545;OK
200;200_ED_thickness_map.png;200_ED_current_density.png;200_ED_3D_iso.png;200_ED_data.npz;15,0000;0,7000;0,5000;-0,2600;10,0000;1,0000;60,0000;0,9800;4,0000;0,0600;15,0866;-0,5695;709,8853;1508,6638;5484,1807;1,4251;3,0288;11,0099;46,2128;13,5198;152,7434;OK
201;201_ED_thickness_map.png;201_ED_current_density.png;201_ED_3D_iso.png;201_ED_data.npz;15,0000;0,7000;0,5000;-0,2600;10,0000;1,0000;90,0000;0,9800;4,0000;0,0600;15,0866;-0,5695;709,8853;1508,6638;5484,1807;2,1377;4,5431;16,5148;46,2128;13,5198;152,5304;OK
202;202_ED_thickness_map.png;202_ED_current_density.png;202_ED_3D_iso.png;202_ED_data.npz;15,0000;0,7000;0,5000;-0,2600;30,0000;1,0000;30,0000;0,9800;4,0000;0,0600;15,0604;-0,4973;974,5077;1506,0435;2611,2986;0,9782;1,5117;2,6212;19,8757;13,5198;130,1527;OK
203;203_ED_thickness_map.png;203_ED_current_density.png;203_ED_3D_iso.png;203_ED_data.npz;15,0000;0,7000;0,5000;-0,2600;30,0000;1,0000;60,0000;0,9800;4,0000;0,0600;15,0604;-0,4973;974,5077;1506,0435;2611,2986;1,9564;3,0235;5,2424;19,8757;13,5198;122,2365;OK
204;204_ED_thickness_map.png;204_ED_current_density.png;204_ED_3D_iso.png;204_ED_data.npz;15,0000;0,7000;0,5000;-0,2600;30,0000;1,0000;90,0000;0,9800;4,0000;0,0600;15,0604;-0,4973;974,5077;1506,0435;2611,2986;2,9346;4,5352;7,8636;19,8757;13,5198;124,2053;OK
205;205_ED_thickness_map.png;205_ED_current_density.png;205_ED_3D_iso.png;205_ED_data.npz;15,0000;0,7000;0,5000;-0,2600;50,0000;1,0000;30,0000;0,9800;4,0000;0,0600;15,0638;-0,4816;1098,8717;1506,3818;2149,0753;1,1030;1,5121;2,1572;13,6120;13,5198;109,9803;OK
206;206_ED_thickness_map.png;206_ED_current_density.png;206_ED_3D_iso.png;206_ED_data.npz;15,0000;0,7000;0,5000;-0,2600;50,0000;1,0000;60,0000;0,9800;4,0000;0,0600;15,0638;-0,4816;1098,8717;1506,3818;2149,0753;2,2061;3,0242;4,3144;13,6120;13,5198;109,0361;OK
207;207_ED_thickness_map.png;207_ED_current_density.png;207_ED_3D_iso.png;207_ED_data.npz;15,0000;0,7000;0,5000;-0,2600;50,0000;1,0000;90,0000;0,9800;4,0000;0,0600;15,0638;-0,4816;1098,8717;1506,3818;2149,0753;3,3091;4,5363;6,4716;13,6120;13,5198;114,1332;OK
208;208_ED_thickness_map.png;208_ED_current_density.png;208_ED_3D_iso.png;208_ED_data.npz;15,0000;1,1000;0,5000;-0,2600;10,0000;1,0000;30,0000;0,9800;4,0000;0,0600;15,0721;-0,5578;709,2178;1507,2114;5475,1315;0,7119;1,5129;5,4959;46,1870;13,5198;133,3158;OK
209;209_ED_thickness_map.png;209_ED_current_density.png;209_ED_3D_iso.png;209_ED_data.npz;15,0000;1,1000;0,5000;-0,2600;10,0000;1,0000;60,0000;0,9800;4,0000;0,0600;15,0721;-0,5578;709,2178;1507,2114;5475,1315;1,4238;3,0258;10,9917;46,1870;13,5198;136,4166;OK
210;210_ED_thickness_map.png;210_ED_current_density.png;210_ED_3D_iso.png;210_ED_data.npz;15,0000;1,1000;0,5000;-0,2600;10,0000;1,0000;90,0000;0,9800;4,0000;0,0600;15,0721;-0,5578;709,2178;1507,2114;5475,1315;2,1357;4,5388;16,4876;46,1870;13,5198;137,3064;OK
211;211_ED_thickness_map.png;211_ED_current_density.png;211_ED_3D_iso.png;211_ED_data.npz;15,0000;1,1000;0,5000;-0,2600;30,0000;1,0000;30,0000;0,9800;4,0000;0,0600;15,0564;-0,4855;977,0125;1505,6373;2606,5329;0,9807;1,5113;2,6164;19,7915;13,5198;128,3848;OK
212;212_ED_thickness_map.png;212_ED_current_density.png;212_ED_3D_iso.png;212_ED_data.npz;15,0000;1,1000;0,5000;-0,2600;30,0000;1,0000;60,0000;0,9800;4,0000;0,0600;15,0564;-0,4855;977,0125;1505,6373;2606,5329;1,9614;3,0227;5,2328;19,7915;13,5198;124,4533;OK
213;213_ED_thickness_map.png;213_ED_current_density.png;213_ED_3D_iso.png;213_ED_data.npz;15,0000;1,1000;0,5000;-0,2600;30,0000;1,0000;90,0000;0,9800;4,0000;0,0600;15,0564;-0,4855;977,0125;1505,6373;2606,5329;2,9421;4,5340;7,8492;19,7915;13,5198;120,1464;OK
214;214_ED_thickness_map.png;214_ED_current_density.png;214_ED_3D_iso.png;214_ED_data.npz;15,0000;1,1000;0,5000;-0,2600;50,0000;1,0000;30,0000;0,9800;4,0000;0,0600;15,0312;-0,4699;1096,9590;1503,1172;2142,9974;1,1011;1,5088;2,1511;13,5907;13,5198;122,6063;OK
215;215_ED_thickness_map.png;215_ED_current_density.png;215_ED_3D_iso.png;215_ED_data.npz;15,0000;1,1000;0,5000;-0,2600;50,0000;1,0000;60,0000;0,9800;4,0000;0,0600;15,0312;-0,4699;1096,9590;1503,1172;2142,9974;2,2022;3,0176;4,3022;13,5907;13,5198;113,7477;OK
216;216_ED_thickness_map.png;216_ED_current_density.png;216_ED_3D_iso.png;216_ED_data.npz;15,0000;1,1000;0,5000;-0,2600;50,0000;1,0000;90,0000;0,9800;4,0000;0,0600;15,0312;-0,4699;1096,9590;1503,1172;2142,9974;3,3033;4,5264;6,4533;13,5907;13,5198;109,2680;OK
217;217_ED_thickness_map.png;217_ED_current_density.png;217_ED_3D_iso.png;217_ED_data.npz;15,0000;0,3000;0,7500;-0,2600;10,0000;1,0000;30,0000;0,9800;4,0000;0,0600;14,8194;-0,5891;701,1028;1481,9441;5302,2150;0,7038;1,4876;5,3223;45,5592;13,5198;138,3390;OK
218;218_ED_thickness_map.png;218_ED_current_density.png;218_ED_3D_iso.png;218_ED_data.npz;15,0000;0,3000;0,7500;-0,2600;10,0000;1,0000;60,0000;0,9800;4,0000;0,0600;14,8194;-0,5891;701,1028;1481,9441;5302,2150;1,4075;2,9751;10,6446;45,5592;13,5198;140,3076;OK
219;219_ED_thickness_map.png;219_ED_current_density.png;219_ED_3D_iso.png;219_ED_data.npz;15,0000;0,3000;0,7500;-0,2600;10,0000;1,0000;90,0000;0,9800;4,0000;0,0600;14,8194;-0,5891;701,1028;1481,9441;5302,2150;2,1113;4,4627;15,9669;45,5592;13,5198;144,9310;OK
220;220_ED_thickness_map.png;220_ED_current_density.png;220_ED_3D_iso.png;220_ED_data.npz;15,0000;0,3000;0,7500;-0,2600;30,0000;1,0000;30,0000;0,9800;4,0000;0,0600;14,9941;-0,5188;971,3285;1499,4055;2594,5020;0,9750;1,5051;2,6043;19,8106;13,5198;98,0763;OK
221;221_ED_thickness_map.png;221_ED_current_density.png;221_ED_3D_iso.png;221_ED_data.npz;15,0000;0,3000;0,7500;-0,2600;30,0000;1,0000;60,0000;0,9800;4,0000;0,0600;14,9941;-0,5188;971,3285;1499,4055;2594,5020;1,9500;3,0102;5,2087;19,8106;13,5198;97,3011;OK
222;222_ED_thickness_map.png;222_ED_current_density.png;222_ED_3D_iso.png;222_ED_data.npz;15,0000;0,3000;0,7500;-0,2600;30,0000;1,0000;90,0000;0,9800;4,0000;0,0600;14,9941;-0,5188;971,3285;1499,4055;2594,5020;2,9250;4,5152;7,8130;19,8106;13,5198;97,6815;OK
223;223_ED_thickness_map.png;223_ED_current_density.png;223_ED_3D_iso.png;223_ED_data.npz;15,0000;0,3000;0,7500;-0,2600;50,0000;1,0000;30,0000;0,9800;4,0000;0,0600;14,9779;-0,5031;1093,9997;1497,7898;2132,9807;1,0981;1,5035;2,1411;13,5521;13,5198;100,0888;OK
224;224_ED_thickness_map.png;224_ED_current_density.png;224_ED_3D_iso.png;224_ED_data.npz;15,0000;0,3000;0,7500;-0,2600;50,0000;1,0000;60,0000;0,9800;4,0000;0,0600;14,9779;-0,5031;1093,9997;1497,7898;2132,9807;2,1963;3,0069;4,2821;13,5521;13,5198;105,1880;OK
225;225_ED_thickness_map.png;225_ED_current_density.png;225_ED_3D_iso.png;225_ED_data.npz;15,0000;0,3000;0,7500;-0,2600;50,0000;1,0000;90,0000;0,9800;4,0000;0,0600;14,9779;-0,5031;1093,9997;1497,7898;2132,9807;3,2944;4,5104;6,4232;13,5521;13,5198;102,7552;OK
226;226_ED_thickness_map.png;226_ED_current_density.png;226_ED_3D_iso.png;226_ED_data.npz;15,0000;0,7000;0,7500;-0,2600;10,0000;1,0000;30,0000;0,9800;4,0000;0,0600;15,0866;-0,5695;709,8859;1508,6642;5484,1807;0,7126;1,5144;5,5049;46,2128;13,5198;164,2880;OK
227;227_ED_thickness_map.png;227_ED_current_density.png;227_ED_3D_iso.png;227_ED_data.npz;15,0000;0,7000;0,7500;-0,2600;10,0000;1,0000;60,0000;0,9800;4,0000;0,0600;15,0866;-0,5695;709,8859;1508,6642;5484,1807;1,4251;3,0288;11,0099;46,2128;13,5198;163,9754;OK
228;228_ED_thickness_map.png;228_ED_current_density.png;228_ED_3D_iso.png;228_ED_data.npz;15,0000;0,7000;0,7500;-0,2600;10,0000;1,0000;90,0000;0,9800;4,0000;0,0600;15,0866;-0,5695;709,8859;1508,6642;5484,1807;2,1377;4,5431;16,5148;46,2128;13,5198;163,0099;OK
229;229_ED_thickness_map.png;229_ED_current_density.png;229_ED_3D_iso.png;229_ED_data.npz;15,0000;0,7000;0,7500;-0,2600;30,0000;1,0000;30,0000;0,9800;4,0000;0,0600;15,0604;-0,4973;974,5080;1506,0437;2611,2986;0,9782;1,5117;2,6212;19,8757;13,5198;138,8788;OK
230;230_ED_thickness_map.png;230_ED_current_density.png;230_ED_3D_iso.png;230_ED_data.npz;15,0000;0,7000;0,7500;-0,2600;30,0000;1,0000;60,0000;0,9800;4,0000;0,0600;15,0604;-0,4973;974,5080;1506,0437;2611,2986;1,9564;3,0235;5,2424;19,8757;13,5198;131,3237;OK
231;231_ED_thickness_map.png;231_ED_current_density.png;231_ED_3D_iso.png;231_ED_data.npz;15,0000;0,7000;0,7500;-0,2600;30,0000;1,0000;90,0000;0,9800;4,0000;0,0600;15,0604;-0,4973;974,5080;1506,0437;2611,2986;2,9346;4,5352;7,8636;19,8757;13,5198;132,1614;OK
232;232_ED_thickness_map.png;232_ED_current_density.png;232_ED_3D_iso.png;232_ED_data.npz;15,0000;0,7000;0,7500;-0,2600;50,0000;1,0000;30,0000;0,9800;4,0000;0,0600;15,0638;-0,4816;1098,8719;1506,3819;2149,0754;1,1030;1,5121;2,1572;13,6120;13,5198;119,0576;OK
233;233_ED_thickness_map.png;233_ED_current_density.png;233_ED_3D_iso.png;233_ED_data.npz;15,0000;0,7000;0,7500;-0,2600;50,0000;1,0000;60,0000;0,9800;4,0000;0,0600;15,0638;-0,4816;1098,8719;1506,3819;2149,0754;2,2061;3,0242;4,3144;13,6120;13,5198;120,4000;OK
234;234_ED_thickness_map.png;234_ED_current_density.png;234_ED_3D_iso.png;234_ED_data.npz;15,0000;0,7000;0,7500;-0,2600;50,0000;1,0000;90,0000;0,9800;4,0000;0,0600;15,0638;-0,4816;1098,8719;1506,3819;2149,0754;3,3091;4,5363;6,4716;13,6120;13,5198;120,6493;OK
235;235_ED_thickness_map.png;235_ED_current_density.png;235_ED_3D_iso.png;235_ED_data.npz;15,0000;1,1000;0,7500;-0,2600;10,0000;1,0000;30,0000;0,9800;4,0000;0,0600;15,0721;-0,5578;709,2183;1507,2116;5475,1306;0,7119;1,5129;5,4959;46,1870;13,5198;142,4092;OK
236;236_ED_thickness_map.png;236_ED_current_density.png;236_ED_3D_iso.png;236_ED_data.npz;15,0000;1,1000;0,7500;-0,2600;10,0000;1,0000;60,0000;0,9800;4,0000;0,0600;15,0721;-0,5578;709,2183;1507,2116;5475,1306;1,4238;3,0258;10,9917;46,1870;13,5198;143,7004;OK
237;237_ED_thickness_map.png;237_ED_current_density.png;237_ED_3D_iso.png;237_ED_data.npz;15,0000;1,1000;0,7500;-0,2600;10,0000;1,0000;90,0000;0,9800;4,0000;0,0600;15,0721;-0,5578;709,2183;1507,2116;5475,1306;2,1357;4,5388;16,4876;46,1870;13,5198;138,9312;OK
238;238_ED_thickness_map.png;238_ED_current_density.png;238_ED_3D_iso.png;238_ED_data.npz;15,0000;1,1000;0,7500;-0,2600;30,0000;1,0000;30,0000;0,9800;4,0000;0,0600;15,0564;-0,4855;977,0145;1505,6384;2606,5334;0,9807;1,5113;2,6164;19,7915;13,5198;120,5891;OK
239;239_ED_thickness_map.png;239_ED_current_density.png;239_ED_3D_iso.png;239_ED_data.npz;15,0000;1,1000;0,7500;-0,2600;30,0000;1,0000;60,0000;0,9800;4,0000;0,0600;15,0564;-0,4855;977,0145;1505,6384;2606,5334;1,9614;3,0227;5,2328;19,7915;13,5198;120,4580;OK
240;240_ED_thickness_map.png;240_ED_current_density.png;240_ED_3D_iso.png;240_ED_data.npz;15,0000;1,1000;0,7500;-0,2600;30,0000;1,0000;90,0000;0,9800;4,0000;0,0600;15,0564;-0,4855;977,0145;1505,6384;2606,5334;2,9421;4,5340;7,8492;19,7915;13,5198;122,7165;OK
241;241_ED_thickness_map.png;241_ED_current_density.png;241_ED_3D_iso.png;241_ED_data.npz;15,0000;1,1000;0,7500;-0,2600;50,0000;1,0000;30,0000;0,9800;4,0000;0,0600;15,0312;-0,4699;1096,9596;1503,1176;2142,9976;1,1011;1,5088;2,1511;13,5907;13,5198;118,4879;OK
242;242_ED_thickness_map.png;242_ED_current_density.png;242_ED_3D_iso.png;242_ED_data.npz;15,0000;1,1000;0,7500;-0,2600;50,0000;1,0000;60,0000;0,9800;4,0000;0,0600;15,0312;-0,4699;1096,9596;1503,1176;2142,9976;2,2022;3,0176;4,3022;13,5907;13,5198;118,8411;OK
243;243_ED_thickness_map.png;243_ED_current_density.png;243_ED_3D_iso.png;243_ED_data.npz;15,0000;1,1000;0,7500;-0,2600;50,0000;1,0000;90,0000;0,9800;4,0000;0,0600;15,0312;-0,4699;1096,9596;1503,1176;2142,9976;3,3033;4,5264;6,4533;13,5907;13,5198;119,6347;OK
